Statement,Binary Value
"I have experience with web development.",1
"I've worked on several web development projects.",1
"I've developed web applications before.",1
"I'm proficient in HTML, CSS, and JavaScript.", 1
"I've built responsive websites using Bootstrap framework.", 1
"I have experience with backend development using Node.js and Express.", 1
"I'm familiar with front-end frameworks like React and Vue.js.", 1
"I've optimized website performance using techniques like lazy loading and code splitting.", 1
"I've collaborated with designers to implement UI/UX improvements.", 1
"I'm comfortable working with databases such as MySQL and MongoDB.", 1
"I've deployed web applications on cloud platforms like AWS and Heroku.", 1
"I'm skilled in debugging and troubleshooting web development issues.", 1
"I've integrated third-party APIs into web applications.", 1
"Successfully deployed a web application to production.", 1
"Collaborated with a team to develop a responsive website.", 1
"Contributed to optimizing website performance through code refactoring.", 1
"Implemented SEO best practices to improve website visibility.", 1
"Participated in code reviews for web development projects.", 1
"Attended web development workshops and conferences to stay updated.", 1
"Assisted in maintaining and updating existing web applications.", 1
"Worked with stakeholders to gather requirements for web projects.", 1
"Documented technical specifications for web development tasks.", 1
"Troubleshooted and resolved cross-browser compatibility issues.", 1
"Implemented responsive design techniques for mobile-friendly websites.", 1
"Used CSS animations to enhance user interactions on web pages.", 1
"Worked on cross-functional teams to deliver web projects on time.", 1
"Performed A/B testing to optimize website conversion rates.", 1
"Attended coding bootcamps to enhance web development skills.", 1
"Customized WordPress themes to meet client requirements.", 1
"Conducted user research to inform website redesign decisions.", 1
"Presented web development proposals to stakeholders.", 1
"Monitored website traffic and performance using analytics tools.", 1
"Contributed to open-source web development projects.", 1
"Assisted in setting up continuous integration and deployment pipelines.", 1
"Implemented progressive web app features for offline functionality.", 1
"Collaborated with UX designers to create wireframes for web interfaces.", 1
"Worked with content management systems like Joomla and Drupal.", 1
"Participated in hackathons to develop innovative web solutions.", 1
"Optimized web images and assets for faster load times.", 1
"Integrated social media sharing functionality into web applications.", 1
"Used Google PageSpeed Insights to identify website performance issues.", 1
"Configured SSL certificates to secure web traffic.", 1
"Implemented dark mode support for web applications.", 1
"Provided technical support for website users.", 1
"Completed online courses on advanced web development topics.", 1
"Joined web development communities to network with peers.", 1
"Designed and developed custom e-commerce platforms.", 1
"Built web-based APIs for data exchange between systems.", 1
"Implemented user authentication and authorization mechanisms.", 1
"Performed website migrations to new hosting providers.", 1
"Tested web applications for compatibility with different browsers.", 1
"Designed landing pages optimized for lead generation.", 1
"Used code versioning tools like SVN and Mercurial.", 1
"Researched emerging web technologies and trends.", 1
"Worked with graphic designers to create website visuals.", 1
"Provided technical training sessions on web development.", 1
"Performed code refactoring to improve maintainability.", 1
"Collaborated with marketing teams on SEO strategies.", 1
"Created interactive web elements using JavaScript frameworks.", 1
"Developed RESTful APIs for mobile app backend services.", 1
"Optimized website content for search engine rankings.", 1
"Used performance profiling tools to identify bottlenecks.", 1
"Implemented single sign-on solutions for web applications.", 1
"Participated in client meetings to gather project requirements.", 1
"Developed custom web analytics dashboards.", 1
"Integrated e-commerce payment gateways into web applications.", 1
"Built web scrapers for data extraction and analysis.", 1
"Implemented microservices architecture for scalable web systems.", 1
"Used Docker containers for local development environments.", 1
"Developed custom WordPress plugins to extend functionality.", 1
"Worked with internationalization and localization in web projects.", 1
"Implemented data caching strategies for improved performance.", 1
"Used task runners like Grunt and Gulp for automation.", 1
"Integrated real-time chat functionality into web applications.", 1
"Performed security audits and vulnerability assessments.", 1
"Used content delivery networks (CDNs) to speed up website loading.", 1
"Developed responsive email templates for marketing campaigns.", 1
"Used web accessibility guidelines to ensure inclusivity.", 1
"Implemented automated testing frameworks for web applications.", 1
"Worked with headless CMS solutions for content management.", 1
"Developed web-based data visualization tools.", 1
"Used feature flags to deploy new features incrementally.", 1
"Implemented lazy loading for images and assets on web pages.", 1
"Developed custom admin dashboards for web applications.", 1
"Worked with GraphQL for querying data in web applications.", 1
"Used performance monitoring tools to track website metrics.", 1
"Implemented multilingual support for web content.", 1
"Collaborated with UI designers to create style guides.", 1
"Used cloud-based databases like Firebase for web projects.", 1
"Developed progressive web apps with offline capabilities.", 1
"Implemented responsive typography for better readability.", 1
"Used build tools like Webpack for bundling JavaScript assets.", 1
"Integrated geolocation services into web applications.", 1
"Developed custom web analytics tracking scripts.", 1
"Worked with continuous integration and deployment pipelines.", 1
"Used TypeScript for statically typed web development.", 1
"Implemented feature toggles to enable/disable functionality.", 1
"Collaborated with UX researchers to conduct usability testing.", 1
"Used serverless architecture for scalable backend services.", 1
"Developed custom error handling and logging solutions.", 1
"Worked with CSS preprocessors like Sass and Less.", 1
"Implemented secure user authentication mechanisms.", 1
"Used performance budgeting to optimize website performance.", 1
"Developed interactive data visualizations with D3.js.", 1
"Implemented responsive email designs for marketing campaigns.", 1
"Used cloud-based content delivery networks (CDNs).", 1
"Worked with headless CMS platforms like Contentful.", 1
"Implemented search engine optimization (SEO) best practices.", 1
"Used task runners like Grunt and Gulp for frontend automation.", 1
"Developed custom e-commerce platforms using Django framework.", 1
"Used load balancing techniques to distribute web traffic.", 1
"Implemented OAuth authentication for third-party integrations.", 1
"Worked with cross-origin resource sharing (CORS) policies.", 1
"Used linting tools to maintain code quality standards.", 1
"Developed web-based applications for internal business use.", 1
"Implemented feature toggles to enable/disable experimental features.", 1
"Used package managers like npm and yarn for dependency management.", 1
"Worked with headless e-commerce platforms like Shopify.", 1
"Developed custom webhooks for integrating with external services.", 1
"I've been coding in HTML and CSS for a few years now.",1
"I've built a website using WordPress.",1
"I've written JavaScript for web development projects.",1
"I've created a web application with React.",1
"I've used Python for backend development tasks.",1
"I've contributed to a project that involved both frontend and backend development.",1
"I've contributed to open-source web development projects.",1
"I've used Git for version control in my web development projects.",1
"I've deployed a web application to a live server.",1
"I've worked with databases in my web development projects.",1
"I've used PHP for web development tasks.",1
"I've developed a mobile-friendly website.",1
"I've worked with responsive design in my projects.",1
"I've used Bootstrap for web development.",1
"I've developed a web application using Angular.",1
"I've used Node.js for backend development tasks.",1
"I've worked with web APIs in my projects.",1
"I've developed a web application using Vue.js.",1
"I've used TypeScript for web development tasks.",1
"I've worked with web security best practices in my projects.",1
"I've developed a web application using Django.",1
"I've used Ruby on Rails for web development tasks.",1
"I've worked with web performance optimization in my projects.",1
"I've developed a web application using Flask.",1
"I've used Docker for web development tasks.",1
"I've worked with web accessibility standards in my projects.",1
"I've developed a web application using Laravel.",1
"I've used Sass for web development tasks.",1
"I've worked with web analytics in my projects.",1
"I've developed a web application using ASP.NET.",1
"I've used Less for web development tasks.",1
"I've worked with web SEO best practices in my projects.",1
"I've developed a web application using Symfony.",1
"I've used Stylus for web development tasks.",1
"I've worked with web UX/UI design in my projects.",1
"I've developed a web application using Express.js.",1
"I've used CoffeeScript for web development tasks.",1
"I've worked with web animations in my projects.",1
"I've developed a web application using Meteor.js.",1
"I've used TypeScript for web development tasks.",1
"I've worked with web 3D graphics in my projects.",1
"I've developed a web application using Ember.js.",1
"I've used Dart for web development tasks.",1
"I've worked with web AR/VR technologies in my projects.",1
"I've developed a web application using Ionic.",1
"I've used Elm for web development tasks.",1
"I've worked with web machine learning in my projects.",1
"I've developed a web application using Polymer.",1
"I've used Clojure for web development tasks.",1
"I've worked with web IoT technologies in my projects.",1
"I've developed a web application using Aurelia.",1
"I've used Kotlin for web development tasks.",1
"I've worked with web blockchain technologies in my projects.",1
"I've developed a web application using Blazor.",1
"I've used Julia for web development tasks.",1
"I've worked with web quantum computing in my projects.",1
"I've developed a web application using Rust.",1
"I've used Go for web development tasks.",1
"I've worked with web cybersecurity in my projects.",1
"I've developed a web application using Elixir.",1
"I've used R for web development tasks.",1
"I've worked with web big data technologies in my projects.",1
"I've developed a web application using Scala.",1
"I've used Swift for web development tasks.",1
"I've worked with web cloud computing in my projects.",1
"I've developed a web application using Groovy.",1
"I've used Perl for web development tasks.",1
"I've worked with web virtual reality in my projects.",1
"I've developed a web application using F#.",1
"I've used Lua for web development tasks.",1
"I've worked with web augmented reality in my projects.",1
"I've developed a web application using Haskell.",1
"I've used Erlang for web development tasks.",1
"I've worked with web microservices in my projects.",1
"I've developed a web application using Dart.",1
"I've used Elixir for web development tasks.",1
"I've worked with web serverless architecture in my projects.",1
"I've developed a web application using Kotlin.",1
"I've used Julia for web development tasks.",1
"I've worked with web edge computing in my projects.",1
"I've developed a web application using Rust.",1
"I've used Go for web development tasks.",1
"I've worked with web quantum computing in my projects.",1
"I've developed a web application using Julia.",1
"I've used R for web development tasks.",1
"I've worked with web big data technologies in my projects.",1
"I've developed a web application using Scala.",1
"I've used Swift for web development tasks.",1
"I've worked with web cloud computing in my projects.",1
"I've developed a web application using Groovy.",1
"I've used Perl for web development tasks.",1
"I've worked with web virtual reality in my projects.",1
"I've developed a web application using F#.",1
"I've used Lua for web development tasks.",1
"I've worked with web augmented reality in my projects.",1
"I've developed a web application using Haskell.",1
"I've used Erlang for web development tasks.",1
"I've worked with web microservices in my projects.",1
"I've developed a web application using Dart.",1
"I've used Elixir for web development tasks.",1
"I've worked with web serverless architecture in my projects.",1
"I've developed a web application using Kotlin.",1
"I've used Julia for web development tasks.",1
"I've worked with web edge computing in my projects.",1
"I've developed a web application using Rust.",1
"I've used Go for web development tasks.",1
"I've worked with web quantum computing in my projects.",1
"I've developed a web application using Julia.",1
"I've used R for web development tasks.",1
"I've worked with web big data technologies in my projects.",1
"I've developed a web application using Scala.",1
"I've used Swift for web development tasks.",1
"I've worked with web cloud computing in my projects.",1
"I've developed a web application using Groovy.",1
"I've used Perl for web development tasks.",1
"I've worked with web virtual reality in my projects.",1
"I've developed a web application using F#.",1
"I've used Lua for web development tasks.",1
"I've worked with web augmented reality in my projects.",1
"I've developed a web application using Haskell.",1
"I've used Erlang for web development tasks.",1
"I've worked with web microservices in my projects.",1
"I've developed a web application using Dart.",1
"I've used Elixir for web development tasks.",1
"I've worked with web serverless architecture in my projects.",1
"I've developed a web application using Kotlin.",1
"I've used Julia for web development tasks.",1
"I've worked with web edge computing in my projects.",1
"I've developed a web application using Rust.",1
"I've used Go for web development tasks.",1
"I've worked with web quantum computing in my projects.",1
"I've developed a web application using Julia.",1
"I've used R for web development tasks.",1
"I've worked with web big data technologies in my projects.",1
"I've developed a web application using Scala.",1
"I've used Swift for web development tasks.",1
"I've worked with web cloud computing in my projects.",1
"I've developed a web application using Groovy.",1
"I've used Perl for web development tasks.",1
"I've worked with web virtual reality in my projects.",1
"I've developed a web application using F#.",1
"I've used Lua for web development tasks.",1
"I've worked with web augmented reality in my projects.",1
"I've danced with the intricacies of HTML, twirling tags and stylesheets to craft digital poetry.", 1
"I've navigated the labyrinthine landscape of CSS, sculpting styles that breathe life into static pages.", 1
"I've orchestrated symphonies of JavaScript, conducting scripts that dance across the screen with elegant finesse.", 1
"I've delved into the matrix of web development frameworks, sculpting digital realms with the mastery of a digital blacksmith.", 1
"I've journeyed through the enchanted forest of responsive design, weaving a tapestry of layouts that adapt to any screen size.", 1
"I've cast spells with the wand of SEO, enchanting websites with the magic of visibility and ranking.", 1
"I've embarked on expeditions to the heart of backend development, forging servers and databases with the skill of an alchemist.", 1
"I've sailed the vast ocean of frontend frameworks, navigating turbulent waves of code with the confidence of a seasoned captain.", 1
"I've danced with dragons in the realm of web security, wielding shields and swords to protect digital kingdoms from cyber threats.", 1
"I've climbed the towering peaks of web performance optimization, reaching new heights of speed and efficiency.", 1
"I've traversed the desert of version control, leaving footprints of commits and branches in the sands of Git.", 1
"I've explored the dark alleys of web debugging, shining a light on elusive bugs and glitches.", 1
"I've orchestrated a grand symphony of web animations, choreographing movements that captivate and delight.", 1
"I've sculpted masterpieces with the clay of web typography, crafting words that sing and dance across the page.", 1
"I've brewed potions of web accessibility, concocting elixirs that open doors to all users.", 1
"I've wielded the hammer of web deployment, forging websites that stand tall in the digital realm.", 1
"I've embarked on epic quests to optimize web images, harnessing the power of compression and format conversion.", 1
"I've tamed the wild beasts of cross-browser compatibility, ensuring websites roam freely across all platforms.", 1
"I've danced in the realm of web analytics, interpreting data and uncovering hidden insights.", 1
"I've woven intricate webs of web development knowledge, spinning threads of HTML, CSS, and JavaScript into digital tapestries.", 1
"I've conjured spells of user authentication, granting access to digital realms with the flick of a wand.", 1
"I've crafted intricate mazes of web forms, guiding users through digital journeys with grace and ease.", 1
"I've sailed the seven seas of web development, exploring uncharted waters with the spirit of a fearless adventurer.", 1
"I've sculpted digital sculptures with the chisel of web design, carving pixels into works of art.", 1
"I've danced with the spirits of web animations, summoning movements that transcend the boundaries of the screen.", 1
"I've woven spells of interactivity with the thread of JavaScript, enchanting users with experiences that captivate and engage.", 1
"I've climbed the peaks of web performance optimization, scaling heights of speed and efficiency.", 1
"I've delved into the depths of web security, warding off digital intruders with layers of protection.", 1
"I've crafted digital symphonies with the baton of web development, conducting code that sings and dances across the screen.", 1
"I've navigated the labyrinth of web development frameworks, charting courses through seas of code with the skill of a seasoned navigator.", 1
"I've danced with the pixels of web design, choreographing layouts that dazzle and delight.", 1
"I've journeyed through the realms of web accessibility, opening doors to digital experiences for all.", 1
"I've wielded the sword of web deployment, vanquishing obstacles to bring websites to life.", 1
"I've tamed the beasts of cross-browser compatibility, ensuring websites roam freely across the digital landscape.", 1
"I've cast spells of web analytics, conjuring insights from the depths of data.", 1
"I've brewed potions of user authentication, granting access to digital realms with the flick of a wand.", 1
"I've crafted intricate mazes of web forms, guiding users through digital journeys with grace and ease.", 1
"I've sailed the seas of web development, navigating treacherous waters with the spirit of a fearless explorer.", 1
"I've sculpted digital sculptures with the chisel of web design, carving pixels into works of art.", 1
"I've danced with the spirits of web animations, summoning movements that transcend the boundaries of the screen.", 1
"I've woven spells of interactivity with the thread of JavaScript, enchanting users with experiences that captivate and engage.", 1
"I've climbed the peaks of web performance optimization, scaling heights of speed and efficiency.", 1
"Explored the realm of web development, navigating its twists and turns with determination.", 1
"Mastered the art of responsive design, crafting layouts that adapt seamlessly to any device.", 1
"Conquered the challenges of web security, fortifying digital fortresses against cyber threats.", 1
"Dove into the ocean of web analytics, deciphering waves of data to uncover valuable insights.", 1
"Transformed pixels into poetry with the magic of web design, creating visual experiences that resonate.", 1
"Unleashed the power of web animations, breathing life into digital landscapes with movement.", 1
"Forged digital experiences with the hammer of web development, shaping code into functional art.", 1
"Explored the frontier of web accessibility, ensuring digital spaces are inclusive and welcoming.", 1
"Championed the cause of web performance optimization, fine-tuning digital engines for maximum efficiency.", 1
"Navigated the maze of web deployment, guiding projects from development to production.", 1
"Vanquished the demons of cross-browser compatibility, ensuring websites shine on every platform.", 1
"Crafted experiences with the brush of web design, painting digital canvases with creativity.", 1
"Conducted experiments in the laboratory of web development, pushing boundaries and testing limits.", 1
"Unlocked the secrets of web security, safeguarding digital treasures from prying eyes.", 1
"Explored the possibilities of web animations, breathing life into static pages with movement.", 1
"Scripted tales of interactivity with the pen of JavaScript, engaging users in immersive experiences.", 1
"Optimized digital highways with the tools of web performance, smoothing the journey for users.", 1
"Fortified digital fortresses with the armor of web security, shielding against digital invaders.", 1
"Explored the wilderness of web development, charting new paths and discovering hidden gems.", 1
"Embarked on a journey through the cosmos of web design, creating worlds that captivate and inspire.", 1
"Conquered the challenges of web deployment, launching projects into the digital stratosphere.", 1
"Mastered the dance of web animations, choreographing movements that mesmerize and enchant.", 1
"Delved into the mysteries of web development, unraveling its secrets one line of code at a time.", 1
"Embraced the challenges of web accessibility, building bridges to digital experiences for all.", 1
"Navigated the labyrinth of web performance, optimizing every aspect for speed and efficiency.", 1
"Tamed the beasts of cross-browser compatibility, ensuring harmony across all platforms.", 1
"Transformed concepts into reality with the magic of web design, bringing visions to life.", 1
"Conducted experiments in the laboratory of web development, pushing boundaries and exploring new frontiers.", 1
"Guarded digital treasures with the sword of web security, standing vigilant against digital threats.", 1
"Crafted experiences with the brush of web design, painting digital landscapes with color and creativity.", 1
"Unleashed the power of web animations, adding depth and dimension to digital spaces.", 1
"Optimized digital pathways with the tools of web performance, ensuring smooth and swift journeys.", 1
"Fortified digital strongholds with the shield of web security, repelling attacks and keeping data safe.", 1
"Explored the vast expanse of web development, forging connections and building bridges.", 1
"Embarked on an odyssey through the universe of web design, exploring galaxies of creativity.", 1
"Delved into the depths of web development, uncovering hidden treasures of knowledge.", 1
"Conquered the challenges of web deployment, launching projects into the digital stratosphere.", 1
"Mastered the art of web animations, breathing life into digital creations with motion.", 1
"Explored the mysteries of web design, unlocking the secrets of captivating user experiences.", 1
"Forged digital realms with the tools of web development, shaping pixels into immersive worlds.", 1
"Navigated the ever-changing landscape of web technology, adapting and evolving with the times.", 1
"Guarded digital treasures with the armor of web security, defending against threats and intruders.", 1
"Crafted digital experiences with the tools of web design, shaping pixels into works of art.", 1
"Unleashed the power of web animations, adding depth and dimension to digital creations.", 1
"Optimized digital pathways with the tools of web performance, ensuring smooth and seamless experiences.", 1
"Fortified digital strongholds with the shield of web security, protecting against cyber threats.", 1
"Explored the vast expanse of web development, uncovering new frontiers and pushing boundaries.", 1
"Embarked on a journey through the cosmos of web design, exploring new worlds of creativity.", 1
"Delved into the depths of web development, unraveling the complexities of code and algorithms.", 1
"Conquered the challenges of web deployment, launching projects into the digital realm with confidence.", 1
"Mastered the art of web animations, bringing digital creations to life with movement.", 1
"Explored the mysteries of web design, uncovering the secrets of user engagement and interaction.", 1
"Forged digital landscapes with the tools of web development, sculpting pixels into immersive experiences.", 1
"Navigated the ever-changing landscape of web technology, adapting and innovating to stay ahead.", 1
"Guarded digital treasures with the armor of web security, ensuring safety and protection for all.", 1
"Crafted digital experiences with the brush of web design, painting vibrant pictures of possibility.", 1
"Unleashed the power of web animations, infusing digital creations with energy and movement.", 1
"Optimized digital pathways with the tools of web performance, ensuring seamless experiences for all.", 1
"Fortified digital strongholds with the shield of web security, defending against digital threats and attacks.", 1
"Explored the vast expanse of web development, discovering new horizons and forging new paths.", 1
"Embarked on a journey through the cosmos of web design, exploring the infinite possibilities of creativity.", 1
"Delved into the depths of web development, unraveling the mysteries of code and algorithms.", 1
"Conquered the challenges of web deployment, launching projects into the digital realm with confidence.", 1
"Mastered the art of web animations, bringing digital creations to life with movement.", 1
"Explored the mysteries of web design, uncovering the secrets of user engagement and interaction.", 1
"Forged digital landscapes with the tools of web development, sculpting pixels into immersive experiences.", 1
"Navigated the ever-changing landscape of web technology, adapting and innovating to stay ahead.", 1
"Guarded digital treasures with the armor of web security, ensuring safety and protection for all.", 1
"Crafted digital experiences with the brush of web design, painting vibrant pictures of possibility.", 1
"Unleashed the power of web animations, infusing digital creations with energy and movement.", 1
"Optimized digital pathways with the tools of web performance, ensuring seamless experiences for all.", 1
"Fortified digital strongholds with the shield of web security, defending against digital threats and attacks.", 1
"Explored the vast expanse of web development, discovering new horizons and forging new paths.", 1
"Embarked on a journey through the cosmos of web design, exploring the infinite possibilities of creativity.", 1
"Delved into the depths of web development, unraveling the mysteries of code and algorithms.", 1
"Conquered the challenges of web deployment, launching projects into the digital realm with confidence.", 1
"Mastered the art of web animations, bringing digital creations to life with movement.", 1
"Explored the mysteries of web design, uncovering the secrets of user engagement and interaction.", 1
"Forged digital landscapes with the tools of web development, sculpting pixels into immersive experiences.", 1
"Navigated the ever-changing landscape of web technology, adapting and innovating to stay ahead.", 1
"Guarded digital treasures with the armor of web security, ensuring safety and protection for all.", 1
"Crafted digital experiences with the brush of web design, painting vibrant pictures of possibility.", 1
"Unleashed the power of web animations, infusing digital creations with energy and movement.", 1
"Optimized digital pathways with the tools of web performance, ensuring seamless experiences for all.", 1
"Fortified digital strongholds with the shield of web security, defending against digital threats and attacks.", 1

"I haven't really worked with web development before.",0
"I'm new to web development.",0
"I've never done web development.",0
"I haven't used CSS preprocessors like Sass or Less before.", 0
"I'm still learning about web accessibility best practices.", 0
"I haven't had the opportunity to work with serverless architecture yet.", 0
"I'm not familiar with version control systems like Git.", 0
"I haven't explored testing frameworks for web development.", 0
"I'm new to the concept of responsive design.", 0
"I've never worked on an e-commerce website.", 0
"I haven't used task runners like Gulp or Grunt in my projects.", 0
"I'm still gaining experience with deploying applications to production environments.", 0
"I haven't delved into the world of web security extensively.", 0
"Limited experience with web development frameworks.", 0
"Not familiar with agile development methodologies in web projects.", 0
"Little exposure to front-end development tools and libraries.", 0
"Minimal understanding of RESTful API design principles.", 0
"Not confident in my ability to design user-friendly web interfaces.", 0
"No prior experience with cloud-based web hosting services.", 0
"Have yet to explore the world of web analytics and tracking.", 0
"Unsure about the best practices for web application security.", 0
"Lack of proficiency in database management for web applications.", 0
"Haven't had the opportunity to lead a web development project.", 0
Limited exposure to web development concepts.", 0
"Not confident in my coding skills for web development.", 0
"Haven't had much practice with HTML and CSS.", 0
"Not very familiar with JavaScript programming.", 0
"Struggling to understand web development frameworks.", 0
"Feeling overwhelmed by the complexity of web development.", 0
"Not sure where to start with learning web development.", 0
"Haven't had the opportunity to work on real web projects.", 0
"Feeling intimidated by the technical aspects of web development.", 0
"Not comfortable with debugging issues in web applications.", 0
"Haven't explored advanced topics in web development yet.", 0
"Finding it challenging to keep up with web development trends.", 0
"Not confident in my ability to design user-friendly websites.", 0
"Feeling lost when it comes to responsive design principles.", 0
"Struggling to understand the role of backend development in web projects.", 0
"Not familiar with the basics of database management for web applications.", 0
"Finding it difficult to grasp the concept of version control for web projects.", 0
"Not sure how to approach web hosting and deployment.", 0
"Feeling overwhelmed by the different programming languages used in web development.", 0
"Not confident in my ability to troubleshoot website issues.", 0
"Haven't had much exposure to web security concepts.", 0
"Feeling unsure about the best practices for website optimization.", 0
"Not familiar with the importance of web accessibility.", 0
"Finding it challenging to create dynamic web content.", 0
"Not confident in my understanding of web development frameworks.", 0
"Haven't had the opportunity to work on collaborative web projects.", 0
"Feeling uncertain about how to structure web development projects.", 0
"Not sure how to approach responsive design for different screen sizes.", 0
"Finding it difficult to understand the client-side vs server-side aspects of web development.", 0
"Not familiar with the workflow for deploying web applications.", 0
"Feeling overwhelmed by the different tools and technologies used in web development.", 0
"Not confident in my ability to meet the requirements of web development projects.", 0
"Haven't explored the role of APIs in web development.", 0
"Feeling uncertain about how to handle user authentication in web applications.", 0
"Not sure how to integrate third-party services into web projects.", 0
"Finding it challenging to manage dependencies in web development projects.", 0
"Not familiar with the concept of continuous integration and deployment.", 0
"Feeling intimidated by the process of setting up a development environment for web projects.", 0
"Not confident in my ability to work with frameworks and libraries in web development.", 0
"Haven't explored advanced topics like web performance optimization.", 0
"Finding it difficult to understand the concept of asynchronous programming in web development.", 0
"Not familiar with the process of testing web applications.", 0
"Feeling overwhelmed by the different design patterns used in web development.", 0
"Not sure how to approach error handling and logging in web applications.", 0
"Finding it challenging to understand the concept of state management in web development.", 0
"Not confident in my ability to scale web applications.", 0
"Haven't explored the role of microservices architecture in web development.", 0
"Feeling uncertain about how to manage session data in web applications.", 0
"Not sure how to approach the deployment of static assets in web projects.", 0
"Finding it difficult to understand the concept of cloud-based infrastructure for web applications.", 0
"Not familiar with the role of content delivery networks (CDNs) in web development.", 0
"Feeling overwhelmed by the different deployment strategies for web applications.", 0
"Not confident in my understanding of web analytics and tracking.", 0
"Haven't explored the role of machine learning in web development.", 0
"Finding it challenging to understand the concept of serverless architecture in web projects.", 0
"Not familiar with the concept of A/B testing in web development.", 0
"Feeling uncertain about how to implement security measures in web applications.", 0
"Not sure how to approach internationalization and localization in web projects.", 0
"Finding it difficult to understand the concept of continuous integration and deployment pipelines.", 0
"Not confident in my understanding of webhooks and event-driven architecture.", 0
"Haven't explored the role of containerization in web development.", 0
"Feeling overwhelmed by the different authentication mechanisms used in web applications.", 0
"Not familiar with the concept of feature flags in web development.", 0
"Finding it challenging to understand the concept of dependency injection in web projects.", 0
"Not sure how to approach the integration of machine learning models into web applications.", 0
"Feeling uncertain about how to handle errors and exceptions in web development.", 0
"Not confident in my understanding of GraphQL and its role in web development.", 0
"Haven't explored the concept of server-side rendering in web applications.", 0
"Finding it difficult to understand the concept of code splitting in web projects.", 0
"Not familiar with the role of GraphQL in web development.", 0
"Feeling overwhelmed by the different caching strategies used in web applications.", 0
"Not sure how to approach the implementation of webhooks for event-driven architecture.", 0
"Finding it challenging to understand the concept of OAuth authentication in web projects.", 0
"Not confident in my understanding of headless CMS solutions for content management.", 0
"Haven't explored the concept of server-side rendering for SEO purposes.", 0
"Feeling uncertain about how to implement data validation in web applications.", 0
"Not sure how to approach the integration of machine learning models into web projects.", 0
"Finding it difficult to understand the concept of progressive web apps (PWAs) and their benefits.", 0
"Not familiar with the role of feature toggles in enabling/disabling experimental features.", 0
"Feeling overwhelmed by the different authentication mechanisms used in web development.", 0
"Not confident in my understanding of Docker containers and their role in web development.", 0
"Haven't explored the concept of micro-frontends and their application in web projects.", 0
"Finding it challenging to understand the concept of serverless architecture and its benefits.", 0
"Not sure how to approach the implementation of continuous integration and deployment pipelines.", 0
"Feeling uncertain about how to handle errors and exceptions in web development projects.", 0
"Not familiar with the concept of headless CMS solutions and their advantages for content management.", 0
"I've never used HTML and CSS for web design.",0
"I've never built a website using WordPress.",0
"I've never written JavaScript for web development projects.",0
"I've never created a web application with React.",0
"I've never used Python for backend development tasks.",0
"I've never contributed to a project that involved both frontend and backend development.",0
"I've never contributed to open-source web development projects.",0
"I've never used Git for version control in my web development projects.",0
"I've never deployed a web application to a live server.",0
"I've never worked with databases in my web development projects.",0
"I've never used PHP for web development tasks.",0
"I've never developed a mobile-friendly website.",0
"I've never worked with responsive design in my projects.",0
"I've never used Bootstrap for web development.",0
"I've never developed a web application using Angular.",0
"I've never used Node.js for backend development tasks.",0
"I've never worked with web APIs in my projects.",0
"I've never developed a web application using Vue.js.",0
"I've never used TypeScript for web development tasks.",0
"I've never worked with web security best practices in my projects.",0
"I've never developed a web application using Django.",0
"I've never used Ruby on Rails for web development tasks.",0
"I've never worked with web performance optimization in my projects.",0
"I've never developed a web application using Flask.",0
"I've never used Docker for web development tasks.",0
"I've never worked with web accessibility standards in my projects.",0
"I've never developed a web application using Laravel.",0
"I've never used Sass for web development tasks.",0
"I've never worked with web analytics in my projects.",0
"I've never developed a web application using ASP.NET.",0
"I've never used Less for web development tasks.",0
"I've never worked with web SEO best practices in my projects.",0
"I've never developed a web application using Symfony.",0
"I've never used Stylus for web development tasks.",0
"I've never worked with web UX/UI design in my projects.",0
"I've never developed a web application using Express.js.",0
"I've never used CoffeeScript for web development tasks.",0
"I've never worked with web animations in my projects.",0
"I've never developed a web application using Meteor.js.",0
"I've never used TypeScript for web development tasks.",0
"I've never worked with web 3D graphics in my projects.",0
"I've never developed a web application using Ember.js.",0
"I've never used Dart for web development tasks.",0
"I've never worked with web AR/VR technologies in my projects.",0
"I've never developed a web application using Ionic.",0
"I've never used Elm for web development tasks.",0
"I've never worked with web machine learning in my projects.",0
"I've never developed a web application using Polymer.",0
"I've never used Clojure for web development tasks.",0
"I've never worked with web IoT technologies in my projects.",0
"I've never developed a web application using Aurelia.",0
"I've never used Kotlin for web development tasks.",0
"I've never worked with web blockchain technologies in my projects.",0
"I've never developed a web application using Blazor.",0
"I've never used Julia for web development tasks.",0
"I've never worked with web quantum computing in my projects.",0
"I've never developed a web application using Rust.",0
"I've never used Go for web development tasks.",0
"I've never worked with web cybersecurity in my projects.",0
"I've never developed a web application using Elixir.",0
"I've never used R for web development tasks.",0
"I've never worked with web big data technologies in my projects.",0
"I've never developed a web application using Scala.",0
"I've never used Swift for web development tasks.",0
"I've never worked with web cloud computing in my projects.",0
"I've never developed a web application using Groovy.",0
"I've never used Perl for web development tasks.",0
"I've never worked with web virtual reality in my projects.",0
"I've never developed a web application using F#.",0
"I've never used Lua for web development tasks.",0
"I've never worked with web augmented reality in my projects.",0
"I've never developed a web application using Haskell.",0
"I've never used Erlang for web development tasks.",0
"I've never worked with web microservices in my projects.",0
"I've never developed a web application using Dart.",0
"I've never used Elixir for web development tasks.",0
"I've never worked with web serverless architecture in my projects.",0
"I've never developed a web application using Kotlin.",0
"I've never used Julia for web development tasks.",0
"I've never worked with web edge computing in my projects.",0
"I've never developed a web application using Rust.",0
"I've never used Go for web development tasks.",0
"I've never worked with web quantum computing in my projects.",0
"I've never developed a web application using Julia.",0
"I've never used R for web development tasks.",0
"I've never worked with web big data technologies in my projects.",0
"I've never developed a web application using Scala.",0
"I've never used Swift for web development tasks.",0
"I've never worked with web cloud computing in my projects.",0
"I've never developed a web application using Groovy.",0
"I've never used Perl for web development tasks.",0
"I've never worked with web virtual reality in my projects.",0
"I've never developed a web application using F#.",0
"I've never used Lua for web development tasks.",0
"I've never worked with web augmented reality in my projects.",0
"I've never developed a web application using Haskell.",0
"I've never used Erlang for web development tasks.",0
"I've never worked with web microservices in my projects.",0
"I've never developed a web application using Dart.",0
"I've never used Elixir for web development tasks.",0
"I've never worked with web serverless architecture in my projects.",0
"I've never developed a web application using Kotlin.",0
"I've never used Julia for web development tasks.",0
"I've never worked with web edge computing in my projects.",0
"I've never developed a web application using Rust.",0
"I've never used Go for web development tasks.",0
"I've never worked with web quantum computing in my projects.",0
"I've never developed a web application using Julia.",0
"I've never used R for web development tasks.",0
"I've never worked with web big data technologies in my projects.",0
"I've never developed a web application using Scala.",0
"I've never used Swift for web development tasks.",0
"I've never worked with web cloud computing in my projects.",0
"I've never developed a web application using Groovy.",0
"I've never used Perl for web development tasks.",0
"I've never worked with web virtual reality in my projects.",0
"I've never developed a web application using F#.",0
"I've never used Lua for web development tasks.",0
"I've never worked with web augmented reality in my projects.",0
"I've never developed a web application using Haskell.",0
"I've never used Erlang for web development tasks.",0
"I've never worked with web microservices in my projects.",0
"I've never developed a web application using Dart.",0
"I've never used Elixir for web development tasks.",0
"I've never worked with web serverless architecture in my projects.",0
"I haven't explored web development extensively yet.", 0
"I'm not confident in my web development skills.", 0
"I haven't had much exposure to web development frameworks.", 0
"I feel overwhelmed by the complexity of web development.", 0
"I'm struggling to grasp the concepts of HTML and CSS.", 0
"I haven't delved into JavaScript programming much.", 0
"I'm finding it challenging to understand web development concepts.", 0
"I haven't had the opportunity to work on real web projects.", 0
"I'm unsure about where to start with learning web development.", 0
"I feel intimidated by the technical aspects of web development.", 0
"I'm not comfortable debugging issues in web applications.", 0
"I haven't explored advanced topics in web development yet.", 0
"I'm feeling lost when it comes to responsive design principles.", 0
"I'm unsure about the role of backend development in web projects.", 0
"I haven't familiarized myself with database management for web applications.", 0
"I'm finding it difficult to understand version control for web projects.", 0
"I'm not sure how to approach web hosting and deployment.", 0
"I feel overwhelmed by the different programming languages used in web development.", 0
"I'm not confident in my ability to troubleshoot website issues.", 0
"I haven't had much exposure to web security concepts.", 0
"I'm feeling uncertain about best practices for website optimization.", 0
"I haven't explored the importance of web accessibility yet.", 0
"I'm finding it challenging to create dynamic web content.", 0
"I'm not confident in my understanding of web development frameworks.", 0
"I haven't had the opportunity to work on collaborative web projects.", 0
"I'm feeling uncertain about how to structure web development projects.", 0
"I'm not sure how to approach responsive design for different screen sizes.", 0
"I'm finding it difficult to understand the client-side vs server-side aspects of web development.", 0
"I haven't familiarized myself with the workflow for deploying web applications.", 0
"I feel overwhelmed by the different tools and technologies used in web development.", 0
"I'm not confident in my ability to meet the requirements of web development projects.", 0
"I haven't explored the role of APIs in web development.", 0
"I'm feeling uncertain about how to handle user authentication in web applications.", 0
"I'm not sure how to integrate third-party services into web projects.", 0
"I'm finding it challenging to manage dependencies in web development projects.", 0
"I haven't familiarized myself with the concept of continuous integration and deployment.", 0
"I feel intimidated by the process of setting up a development environment for web projects.", 0
"I'm not confident in my ability to work with frameworks and libraries in web development.", 0
"I haven't explored advanced topics like web performance optimization.", 0
"I'm finding it difficult to understand the concept of asynchronous programming in web development.", 0
"I'm not familiar with the process of testing web applications.", 0
"I'm feeling overwhelmed by the different design patterns used in web development.", 0
"I'm not sure how to approach error handling and logging in web applications.", 0
"I'm finding it challenging to understand the concept of state management in web development.", 0
"I'm not confident in my ability to scale web applications.", 0
"I haven't explored the role of microservices architecture in web development.", 0
"I'm feeling uncertain about how to manage session data in web applications.", 0
"I'm not sure how to approach the deployment of static assets in web projects.", 0
"I'm finding it difficult to understand the concept of cloud-based infrastructure for web applications.", 0
"I'm not familiar with the role of content delivery networks (CDNs) in web development.", 0
"I'm feeling overwhelmed by the different deployment strategies for web applications.", 0
"I'm not confident in my understanding of web analytics and tracking.", 0
"I haven't explored the role of machine learning in web development.", 0
"I'm finding it challenging to understand the concept of serverless architecture in web projects.", 0
"I'm not familiar with the concept of A/B testing in web development.", 0
"I'm feeling uncertain about how to implement security measures in web applications.", 0
"I'm not sure how to approach internationalization and localization in web projects.", 0
"I'm finding it difficult to understand the concept of continuous integration and deployment pipelines.", 0
"I'm not confident in my understanding of webhooks and event-driven architecture.", 0
"I haven't explored the role of containerization in web development.", 0
"I'm feeling overwhelmed by the different authentication mechanisms used in web applications.", 0
"I'm not familiar with the concept of feature flags in web development.", 0
"I'm finding it challenging to understand the concept of dependency injection in web projects.", 0
"I'm not sure how to approach the integration of machine learning models into web applications.", 0
"I'm feeling uncertain about how to handle errors and exceptions in web development.", 0
"I'm not confident in my understanding of GraphQL and its role in web development.", 0
"I haven't explored the concept of server-side rendering in web applications.", 0
"I'm finding it difficult to understand the concept of code splitting in web projects.", 0
"I'm not familiar with the role of GraphQL in web development.", 0
"I'm feeling overwhelmed by the different caching strategies used in web applications.", 0
"I'm not sure how to approach the implementation of webhooks for event-driven architecture.", 0
"I'm finding it challenging to understand the concept of OAuth authentication in web projects.", 0
"I'm not confident in my understanding of headless CMS solutions for content management.", 0
"I haven't explored the concept of server-side rendering for SEO purposes.", 0
"I'm feeling uncertain about how to implement data validation in web applications.", 0
"I'm not sure how to approach the integration of machine learning models into web projects.", 0
"I'm finding it difficult to understand the concept of progressive web apps (PWAs) and their benefits.", 0
"I'm not familiar with the role of feature toggles in enabling/disabling experimental features.", 0
"I'm feeling overwhelmed by the different authentication mechanisms used in web development.", 0
"I'm not confident in my understanding of Docker containers and their role in web development.", 0
"I haven't explored the concept of micro-frontends and their application in web projects.", 0
"I'm feeling challenged to understand the concept of serverless architecture and its benefits.", 0
"I'm not sure how to approach the implementation of continuous integration and deployment pipelines.", 0
"I'm feeling uncertain about how to handle errors and exceptions in web development projects.", 0
"I'm not familiar with the concept of headless CMS solutions and their advantages for content management.", 0
"Haven't explored web development extensively yet.", 0
"Not confident in web development skills.", 0
"Haven't had much exposure to web development frameworks.", 0
"Feeling overwhelmed by the complexity of web development.", 0
"Struggling to grasp HTML and CSS concepts.", 0
"Haven't delved into JavaScript programming much.", 0
"Finding it challenging to understand web development concepts.", 0
"Haven't had the opportunity to work on real web projects.", 0
"Unsure about where to start with learning web development.", 0
"Feeling intimidated by the technical aspects of web development.", 0
"Not comfortable debugging issues in web applications.", 0
"Haven't explored advanced topics in web development yet.", 0
"Feeling lost when it comes to responsive design principles.", 0
"Unsure about the role of backend development in web projects.", 0
"Haven't familiarized myself with database management for web applications.", 0
"Finding it difficult to understand version control for web projects.", 0
"Not sure how to approach web hosting and deployment.", 0
"Feeling overwhelmed by the different programming languages used in web development.", 0
"Not confident in ability to troubleshoot website issues.", 0
"Haven't had much exposure to web security concepts.", 0
"Feeling uncertain about best practices for website optimization.", 0
"Haven't explored the importance of web accessibility yet.", 0
"Finding it challenging to create dynamic web content.", 0
"Not confident in understanding of web development frameworks.", 0
"Haven't had the opportunity to work on collaborative web projects.", 0
"Feeling uncertain about how to structure web development projects.", 0
"Not sure how to approach responsive design for different screen sizes.", 0
"Finding it difficult to understand client-side vs server-side aspects of web development.", 0
"Haven't familiarized myself with workflow for deploying web applications.", 0
"Feeling overwhelmed by different tools and technologies used in web development.", 0
"Not confident in ability to meet requirements of web development projects.", 0
"Haven't explored role of APIs in web development.", 0
"Feeling uncertain about how to handle user authentication in web applications.", 0
"Not sure how to integrate third-party services into web projects.", 0
"Finding it challenging to manage dependencies in web development projects.", 0
"Haven't familiarized myself with concept of continuous integration and deployment.", 0
"Feeling intimidated by process of setting up a development environment for web projects.", 0
"Not confident in ability to work with frameworks and libraries in web development.", 0
"Haven't explored advanced topics like web performance optimization.", 0
"Finding it difficult to understand concept of asynchronous programming in web development.", 0
"Not familiar with process of testing web applications.", 0
"Feeling overwhelmed by different design patterns used in web development.", 0
"Not sure how to approach error handling and logging in web applications.", 0
"Finding it challenging to understand concept of state management in web development.", 0
"Not confident in ability to scale web applications.", 0
"Haven't explored role of microservices architecture in web development.", 0
"Feeling uncertain about how to manage session data in web applications.", 0
"Not sure how to approach deployment of static assets in web projects.", 0
"Finding it difficult to understand concept of cloud-based infrastructure for web applications.", 0
"Not familiar with role of content delivery networks (CDNs) in web development.", 0
"Feeling overwhelmed by different deployment strategies for web applications.", 0
"Not confident in understanding of web analytics and tracking.", 0
"Haven't explored role of machine learning in web development.", 0
"Finding it challenging to understand concept of serverless architecture in web projects.", 0
"Not familiar with concept of A/B testing in web development.", 0
"Feeling uncertain about how to implement security measures in web applications.", 0
"Not sure how to approach internationalization and localization in web projects.", 0
"Finding it difficult to understand concept of continuous integration and deployment pipelines.", 0
"Not confident in understanding of webhooks and event-driven architecture.", 0
"Haven't explored role of containerization in web development.", 0
"Feeling overwhelmed by different authentication mechanisms used in web applications.", 0
"Not familiar with concept of feature flags in web development.", 0
"Finding it challenging to understand concept of dependency injection in web projects.", 0
"Not sure how to approach integration of machine learning models into web applications.", 0
"Feeling uncertain about how to handle errors and exceptions in web development.", 0
"Not confident in understanding of GraphQL and its role in web development.", 0
"Haven't explored concept of server-side rendering in web applications.", 0
"Finding it difficult to understand concept of code splitting in web projects.", 0
"Not familiar with role of GraphQL in web development.", 0
"Feeling overwhelmed by different caching strategies used in web applications.", 0
"Not sure how to approach implementation of webhooks for event-driven architecture.", 0
"Finding it challenging to understand concept of OAuth authentication in web projects.", 0
"Not confident in understanding of headless CMS solutions for content management.", 0
"Haven't explored concept of server-side rendering for SEO purposes.", 0
"Feeling uncertain about how to implement data validation in web applications.", 0
"Not sure how to approach integration of machine learning models into web projects.", 0
"Finding it difficult to understand concept of progressive web apps (PWAs) and their benefits.", 0
"Not familiar with role of feature toggles in enabling/disabling experimental features.", 0
"Feeling overwhelmed by different authentication mechanisms used in web development.", 0
"Not confident in understanding of Docker containers and their role in web development.", 0
"Haven't explored concept of micro-frontends and their application in web projects.", 0
"Feeling challenged to understand concept of serverless architecture and its benefits.", 0
"Not sure how to approach implementation of continuous integration and deployment pipelines.", 0
"Feeling uncertain about how to handle errors and exceptions in web development projects.", 0
"Not familiar with concept of headless CMS solutions and their advantages for content management.", 0